transactionAmount,transactionTimestamp,ipAddress,authentication,deviceInfo,merchantCategoryCode,processingChannel,transactionPostalCodeClr,accessChannel,deliveryChannelId,scamFlag,typeOfLoss,label
9983303.49,2025-04-09T16:08:49.515711Z,175.18.1.31,M,Mozilla/5.0 (compatible; MSIE 9.0; Windows 98; Win 9x 4.90; Trident/4.1),5411,A,7547,U,G,Y,FRAUD_GEN,1
1318803.2,2025-03-15T16:08:49.526351Z,221.195.167.225,N,Mozilla/5.0 (compatible; MSIE 5.0; Windows CE; Trident/4.0),5411,A,7641,W,G,Y,FRAUD_GEN,1
3699325.27,2024-07-02T16:08:49.526750Z,2.122.113.52,N,"Mozilla/5.0 (X11; Linux x86_64) AppleWebKit/533.0 (KHTML, like Gecko) Chrome/63.0.881.0 Safari/533.0",6011,A,9173,U,G,Y,FRAUD_GEN,1
8911524.06,2025-03-30T16:08:49.527423Z,188.165.207.92,Y,"Mozilla/5.0 (iPhone; CPU iPhone OS 14_2_1 like Mac OS X) AppleWebKit/536.2 (KHTML, like Gecko) FxiOS/13.2z5682.0 Mobile/74S408 Safari/536.2",5411,A,5026,W,A,Y,FRAUD_GEN,1
1469277.52,2025-02-24T16:08:49.527926Z,131.21.246.219,Y,Mozilla/5.0 (Macintosh; U; PPC Mac OS X 10_5_7; rv:1.9.6.20) Gecko/2023-05-31 13:28:33 Firefox/5.0,5411,A,0088,M,G,Y,FRAUD_GEN,1
8615354.35,2024-07-16T16:08:49.528344Z,187.101.34.220,M,"Mozilla/5.0 (iPhone; CPU iPhone OS 12_4_8 like Mac OS X) AppleWebKit/536.1 (KHTML, like Gecko) FxiOS/11.7b1023.0 Mobile/00V297 Safari/536.1",8398,A,9330,W,G,Y,FRAUD_GEN,1
259916.21,2025-04-18T16:08:49.528808Z,17.190.184.202,Y,Mozilla/5.0 (Macintosh; U; Intel Mac OS X 10_5_1; rv:1.9.3.20) Gecko/2022-09-27 09:01:46 Firefox/3.8,8398,A,2708,M,A,Y,FRAUD_GEN,1
7117159.07,2024-11-25T16:08:49.529202Z,215.148.237.151,Y,"Mozilla/5.0 (Windows; U; Windows NT 6.2) AppleWebKit/534.36.4 (KHTML, like Gecko) Version/5.0.5 Safari/534.36.4",5411,A,1756,U,A,Y,FRAUD_GEN,1
8105384.64,2025-05-25T16:08:49.529516Z,22.242.183.191,Y,Opera/8.85.(Windows NT 6.0; szl-PL) Presto/2.9.166 Version/12.00,8398,A,2713,U,G,Y,FRAUD_GEN,1
2602332.18,2024-06-23T16:08:49.529830Z,110.199.174.129,Y,Mozilla/5.0 (compatible; MSIE 8.0; Windows NT 6.2; Trident/4.1),6011,A,4035,M,G,Y,FRAUD_GEN,1
8677045.61,2024-11-05T16:08:49.530078Z,184.100.234.72,M,"Mozilla/5.0 (Macintosh; U; Intel Mac OS X 10_6_0 rv:6.0; ti-ER) AppleWebKit/534.43.7 (KHTML, like Gecko) Version/4.0.5 Safari/534.43.7",5411,A,3746,U,G,Y,FRAUD_GEN,1
6852440.3,2024-11-12T16:08:49.530373Z,51.20.160.142,M,Opera/9.78.(Windows NT 5.1; yue-HK) Presto/2.9.171 Version/10.00,5411,A,9060,M,A,Y,FRAUD_GEN,1
3202537.47,2024-10-22T16:08:49.530654Z,132.183.170.193,M,Mozilla/5.0 (compatible; MSIE 6.0; Windows NT 6.0; Trident/4.0),8398,A,2496,M,A,Y,FRAUD_GEN,1
6609201.78,2024-09-22T16:08:49.531010Z,214.10.73.204,N,"Mozilla/5.0 (X11; Linux x86_64) AppleWebKit/536.0 (KHTML, like Gecko) Chrome/46.0.823.0 Safari/536.0",6011,A,2818,U,A,Y,FRAUD_GEN,1
4527765.39,2025-04-05T16:08:49.531314Z,111.114.142.2,N,"Mozilla/5.0 (iPod; U; CPU iPhone OS 4_2 like Mac OS X; mt-MT) AppleWebKit/532.36.5 (KHTML, like Gecko) Version/3.0.5 Mobile/8B113 Safari/6532.36.5",6011,A,0878,M,A,Y,FRAUD_GEN,1
5003769.48,2025-02-15T16:08:49.531586Z,217.110.117.5,Y,"Mozilla/5.0 (Windows 98; Win 9x 4.90) AppleWebKit/532.0 (KHTML, like Gecko) Chrome/29.0.842.0 Safari/532.0",6011,A,6066,U,G,Y,FRAUD_GEN,1
915947.28,2024-11-23T16:08:49.531911Z,134.136.51.65,M,Opera/9.41.(X11; Linux i686; iw-IL) Presto/2.9.189 Version/11.00,6011,A,5790,M,A,Y,FRAUD_GEN,1
6778521.88,2025-03-07T16:08:49.532214Z,3.148.10.189,Y,"Mozilla/5.0 (Linux; Android 4.0.4) AppleWebKit/534.1 (KHTML, like Gecko) Chrome/42.0.804.0 Safari/534.1",8398,A,6592,W,G,Y,FRAUD_GEN,1
5435221.48,2024-12-21T16:08:49.532517Z,36.65.131.65,M,"Mozilla/5.0 (Linux; Android 4.1.2) AppleWebKit/534.0 (KHTML, like Gecko) Chrome/50.0.840.0 Safari/534.0",8398,A,1936,M,G,Y,FRAUD_GEN,1
2318622.61,2024-09-26T16:08:49.532841Z,169.245.183.54,M,Mozilla/5.0 (compatible; MSIE 8.0; Windows NT 5.1; Trident/4.0),6011,A,7606,W,G,Y,FRAUD_GEN,1
3062274.54,2024-11-10T16:08:49.533165Z,33.133.175.170,M,Opera/9.73.(Windows 98; pt-BR) Presto/2.9.180 Version/11.00,8398,A,6049,U,G,Y,FRAUD_GEN,1
7739084.35,2025-05-29T16:08:49.533519Z,194.24.19.100,M,Opera/9.16.(X11; Linux i686; si-LK) Presto/2.9.177 Version/12.00,5411,A,3250,W,A,Y,FRAUD_GEN,1
1973363.45,2025-04-13T16:08:49.533821Z,93.26.223.167,N,Mozilla/5.0 (compatible; MSIE 8.0; Windows NT 5.0; Trident/3.0),6011,A,0377,W,A,Y,FRAUD_GEN,1
972731.68,2025-04-15T16:08:49.534082Z,147.167.120.1,Y,Mozilla/5.0 (compatible; MSIE 8.0; Windows NT 4.0; Trident/3.1),5411,A,0072,U,A,Y,FRAUD_GEN,1
2786157.43,2024-10-24T16:08:49.534347Z,58.117.60.161,N,"Mozilla/5.0 (iPod; U; CPU iPhone OS 3_0 like Mac OS X; yo-NG) AppleWebKit/532.47.1 (KHTML, like Gecko) Version/4.0.5 Mobile/8B115 Safari/6532.47.1",6011,A,6474,M,A,Y,FRAUD_GEN,1
3168073.73,2025-03-04T16:08:49.534655Z,53.130.249.208,Y,Mozilla/5.0 (X11; Linux i686; rv:1.9.5.20) Gecko/2016-11-08 02:30:30 Firefox/4.0,8398,A,7701,M,A,Y,FRAUD_GEN,1
3105657.64,2025-03-08T16:08:49.535325Z,205.9.239.146,Y,Mozilla/5.0 (X11; Linux x86_64; rv:1.9.7.20) Gecko/2020-04-10 21:02:32 Firefox/3.6.20,6011,A,1274,U,A,Y,FRAUD_GEN,1
4661724.57,2025-04-26T16:08:49.535780Z,46.218.1.52,Y,"Mozilla/5.0 (Windows NT 5.2) AppleWebKit/535.1 (KHTML, like Gecko) Chrome/56.0.849.0 Safari/535.1",8398,A,4747,M,G,Y,FRAUD_GEN,1
8408022.0,2025-02-18T16:08:49.536144Z,72.192.6.236,Y,"Mozilla/5.0 (Windows; U; Windows NT 4.0) AppleWebKit/532.35.7 (KHTML, like Gecko) Version/5.0.2 Safari/532.35.7",6011,A,5966,M,A,Y,FRAUD_GEN,1
1855510.77,2025-02-09T16:08:49.536477Z,78.143.231.195,M,Opera/8.74.(Windows NT 5.1; sk-SK) Presto/2.9.165 Version/12.00,6011,A,4990,M,G,Y,FRAUD_GEN,1
7403398.63,2025-02-27T16:08:49.536775Z,105.195.102.114,M,"Mozilla/5.0 (Windows NT 5.01) AppleWebKit/535.2 (KHTML, like Gecko) Chrome/18.0.873.0 Safari/535.2",8398,A,2380,U,G,Y,FRAUD_GEN,1
7506023.59,2025-03-25T16:08:49.537214Z,202.230.148.19,Y,"Mozilla/5.0 (iPod; U; CPU iPhone OS 3_2 like Mac OS X; wae-CH) AppleWebKit/531.50.1 (KHTML, like Gecko) Version/3.0.5 Mobile/8B117 Safari/6531.50.1",5411,A,8096,W,G,Y,FRAUD_GEN,1
4588593.14,2024-06-10T16:08:49.537536Z,188.67.52.123,M,"Mozilla/5.0 (Windows; U; Windows NT 5.1) AppleWebKit/532.5.5 (KHTML, like Gecko) Version/5.0.4 Safari/532.5.5",8398,A,5526,M,G,Y,FRAUD_GEN,1
3892145.46,2024-11-04T16:08:49.537820Z,7.108.82.30,N,Mozilla/5.0 (compatible; MSIE 6.0; Windows NT 5.01; Trident/5.1),6011,A,8734,U,G,Y,FRAUD_GEN,1
2911463.82,2024-11-06T16:08:49.538068Z,130.87.49.197,M,"Mozilla/5.0 (iPod; U; CPU iPhone OS 3_3 like Mac OS X; et-EE) AppleWebKit/533.14.1 (KHTML, like Gecko) Version/3.0.5 Mobile/8B116 Safari/6533.14.1",6011,A,2605,M,A,Y,FRAUD_GEN,1
6413328.55,2024-07-09T16:08:49.538424Z,44.90.60.152,Y,"Mozilla/5.0 (Windows; U; Windows NT 5.2) AppleWebKit/534.8.1 (KHTML, like Gecko) Version/5.0 Safari/534.8.1",6011,A,2228,M,G,Y,FRAUD_GEN,1
8925683.38,2024-07-03T16:08:49.539048Z,16.18.220.16,M,Opera/9.37.(X11; Linux x86_64; ku-TR) Presto/2.9.169 Version/11.00,6011,A,2310,U,A,Y,FRAUD_GEN,1
5899440.72,2025-01-12T16:08:49.539414Z,197.152.42.150,N,"Mozilla/5.0 (iPod; U; CPU iPhone OS 3_1 like Mac OS X; ayc-PE) AppleWebKit/534.41.5 (KHTML, like Gecko) Version/4.0.5 Mobile/8B115 Safari/6534.41.5",8398,A,9270,U,G,Y,FRAUD_GEN,1
3194219.12,2025-04-13T16:08:49.539705Z,168.239.216.192,M,Mozilla/5.0 (X11; Linux x86_64; rv:1.9.5.20) Gecko/2022-05-14 12:53:03 Firefox/3.8,5411,A,7893,M,A,Y,FRAUD_GEN,1
5082007.23,2024-07-18T16:08:49.540120Z,70.169.103.30,Y,Opera/8.35.(Windows NT 10.0; gd-GB) Presto/2.9.164 Version/12.00,5411,A,6594,W,A,Y,FRAUD_GEN,1
2952795.55,2025-02-08T16:08:49.540479Z,171.207.14.177,M,Opera/9.49.(X11; Linux i686; yi-US) Presto/2.9.187 Version/12.00,5411,A,6380,W,A,Y,FRAUD_GEN,1
1252777.82,2025-05-21T16:08:49.540838Z,101.2.152.228,N,"Mozilla/5.0 (X11; Linux i686) AppleWebKit/534.2 (KHTML, like Gecko) Chrome/49.0.899.0 Safari/534.2",6011,A,7032,U,G,Y,FRAUD_GEN,1
9536801.49,2025-01-13T16:08:49.541181Z,4.40.65.212,N,"Mozilla/5.0 (Macintosh; U; Intel Mac OS X 10_6_5) AppleWebKit/533.2 (KHTML, like Gecko) Chrome/48.0.883.0 Safari/533.2",6011,A,6731,U,A,Y,FRAUD_GEN,1
988289.32,2024-11-14T16:08:49.541500Z,172.11.186.112,M,"Mozilla/5.0 (Windows; U; Windows CE) AppleWebKit/532.39.1 (KHTML, like Gecko) Version/5.1 Safari/532.39.1",8398,A,1367,M,A,Y,FRAUD_GEN,1
4371527.02,2025-05-29T16:08:49.541816Z,32.190.227.236,N,"Mozilla/5.0 (Macintosh; PPC Mac OS X 10_9_7 rv:5.0; is-IS) AppleWebKit/533.24.5 (KHTML, like Gecko) Version/5.0.1 Safari/533.24.5",8398,A,4953,M,A,Y,FRAUD_GEN,1
9284589.15,2025-04-08T16:08:49.542109Z,104.249.12.200,M,Mozilla/5.0 (compatible; MSIE 7.0; Windows NT 6.0; Trident/4.0),5411,A,1949,W,G,Y,FRAUD_GEN,1
8155623.11,2025-02-20T16:08:49.542420Z,28.194.91.146,N,Mozilla/5.0 (Macintosh; U; PPC Mac OS X 10_11_2; rv:1.9.5.20) Gecko/2019-11-12 13:59:37 Firefox/3.6.6,8398,A,8736,W,G,Y,FRAUD_GEN,1
4880745.51,2024-12-02T16:08:49.543183Z,58.115.17.211,N,Opera/9.14.(Windows CE; xh-ZA) Presto/2.9.174 Version/12.00,8398,A,1607,W,G,Y,FRAUD_GEN,1
7592420.12,2024-08-31T16:08:49.543462Z,144.233.59.33,M,Mozilla/5.0 (compatible; MSIE 8.0; Windows 95; Trident/4.1),5411,A,7766,M,A,Y,FRAUD_GEN,1
9788109.08,2025-01-03T16:08:49.544030Z,69.48.244.63,Y,"Mozilla/5.0 (X11; Linux i686) AppleWebKit/534.1 (KHTML, like Gecko) Chrome/24.0.896.0 Safari/534.1",8398,A,9699,M,G,Y,FRAUD_GEN,1
6582178.7,2024-09-27T16:08:49.544456Z,223.231.55.14,N,"Mozilla/5.0 (Macintosh; U; PPC Mac OS X 10_5_3 rv:4.0; dz-BT) AppleWebKit/531.16.6 (KHTML, like Gecko) Version/5.1 Safari/531.16.6",6011,A,4375,M,G,Y,FRAUD_GEN,1
763306.91,2024-06-11T16:08:49.544846Z,23.124.238.225,Y,Mozilla/5.0 (compatible; MSIE 8.0; Windows NT 10.0; Trident/5.0),8398,A,3075,M,G,Y,FRAUD_GEN,1
8469869.66,2024-08-26T16:08:49.545151Z,16.174.35.158,N,"Mozilla/5.0 (Windows; U; Windows NT 5.1) AppleWebKit/534.21.2 (KHTML, like Gecko) Version/5.0.3 Safari/534.21.2",6011,A,8757,M,A,Y,FRAUD_GEN,1
7359874.98,2024-08-03T16:08:49.545392Z,45.169.7.88,Y,Mozilla/5.0 (X11; Linux x86_64; rv:1.9.7.20) Gecko/2013-07-07 22:45:24 Firefox/3.6.20,5411,A,0569,W,G,Y,FRAUD_GEN,1
6677002.55,2025-05-14T16:08:49.545751Z,138.193.79.123,Y,Mozilla/5.0 (X11; Linux x86_64; rv:1.9.5.20) Gecko/2017-09-04 04:22:05 Firefox/3.8,6011,A,7205,M,A,Y,FRAUD_GEN,1
533625.87,2025-05-21T16:08:49.546252Z,98.167.199.30,Y,Opera/9.77.(X11; Linux x86_64; en-NZ) Presto/2.9.177 Version/11.00,8398,A,1052,U,A,Y,FRAUD_GEN,1
7548632.24,2024-09-08T16:08:49.546554Z,223.186.217.60,M,Opera/8.80.(Windows 95; mhr-RU) Presto/2.9.184 Version/10.00,6011,A,6592,W,G,Y,FRAUD_GEN,1
9405750.29,2025-02-26T16:08:49.547068Z,215.209.51.137,M,"Mozilla/5.0 (Windows; U; Windows NT 6.1) AppleWebKit/531.11.5 (KHTML, like Gecko) Version/4.0 Safari/531.11.5",6011,A,5111,M,G,Y,FRAUD_GEN,1
6975273.88,2025-05-18T16:08:49.547435Z,145.145.85.197,M,Mozilla/5.0 (Android 2.3.5; Mobile; rv:29.0) Gecko/29.0 Firefox/29.0,6011,A,7996,M,A,Y,FRAUD_GEN,1
1012684.5,2024-12-08T16:08:49.547861Z,117.41.202.47,Y,Mozilla/5.0 (Android 4.0; Mobile; rv:21.0) Gecko/21.0 Firefox/21.0,5411,A,1613,W,G,Y,FRAUD_GEN,1
3759773.27,2025-03-01T16:08:49.548307Z,119.176.156.79,M,"Mozilla/5.0 (Macintosh; U; PPC Mac OS X 10_6_6) AppleWebKit/534.0 (KHTML, like Gecko) Chrome/48.0.840.0 Safari/534.0",8398,A,1138,W,G,Y,FRAUD_GEN,1
9307808.16,2024-06-12T16:08:49.548786Z,65.241.216.230,Y,Opera/9.21.(Windows NT 5.1; nr-ZA) Presto/2.9.170 Version/11.00,8398,A,5121,U,G,Y,FRAUD_GEN,1
2293767.95,2024-10-26T16:08:49.549048Z,193.105.232.128,Y,"Mozilla/5.0 (X11; Linux i686) AppleWebKit/531.1 (KHTML, like Gecko) Chrome/39.0.846.0 Safari/531.1",5411,A,1775,U,G,Y,FRAUD_GEN,1
8018678.08,2024-06-27T16:08:49.549381Z,39.140.9.75,N,Mozilla/5.0 (Windows 95; wa-BE; rv:1.9.2.20) Gecko/2013-04-16 22:15:48 Firefox/3.6.5,8398,A,1418,W,A,Y,FRAUD_GEN,1
881287.42,2024-08-18T16:08:49.549777Z,16.20.176.172,N,Mozilla/5.0 (compatible; MSIE 6.0; Windows NT 6.1; Trident/5.1),8398,A,7125,M,G,Y,FRAUD_GEN,1
8903318.71,2024-06-24T16:08:49.550018Z,167.118.59.230,N,"Mozilla/5.0 (Macintosh; PPC Mac OS X 10_9_6) AppleWebKit/532.0 (KHTML, like Gecko) Chrome/15.0.858.0 Safari/532.0",8398,A,2644,M,A,Y,FRAUD_GEN,1
6180817.24,2025-04-29T16:08:49.550362Z,62.11.24.220,Y,"Mozilla/5.0 (iPhone; CPU iPhone OS 9_3_6 like Mac OS X) AppleWebKit/531.2 (KHTML, like Gecko) FxiOS/16.7s2164.0 Mobile/88D496 Safari/531.2",8398,A,6614,M,A,Y,FRAUD_GEN,1
7176587.23,2024-11-05T16:08:49.550940Z,102.134.173.22,N,"Mozilla/5.0 (iPhone; CPU iPhone OS 6_1_6 like Mac OS X) AppleWebKit/535.0 (KHTML, like Gecko) CriOS/23.0.808.0 Mobile/83Q247 Safari/535.0",6011,A,3431,M,A,Y,FRAUD_GEN,1
4755308.77,2025-04-24T16:08:49.551356Z,148.162.40.95,N,"Mozilla/5.0 (iPad; CPU iPad OS 7_1_2 like Mac OS X) AppleWebKit/535.2 (KHTML, like Gecko) CriOS/55.0.847.0 Mobile/53J398 Safari/535.2",6011,A,7351,W,A,Y,FRAUD_GEN,1
4807622.37,2025-04-14T16:08:49.551830Z,48.30.87.12,M,Mozilla/5.0 (Windows NT 5.0; se-NO; rv:1.9.1.20) Gecko/2018-06-06 17:53:33 Firefox/3.6.7,6011,A,6809,U,G,Y,FRAUD_GEN,1
6104157.78,2024-11-20T16:08:49.552295Z,201.213.84.115,M,Opera/8.17.(Windows 98; Win 9x 4.90; mn-MN) Presto/2.9.173 Version/11.00,6011,A,8387,M,A,Y,FRAUD_GEN,1
8567165.16,2024-11-04T16:08:49.552790Z,112.49.90.106,N,Opera/8.89.(X11; Linux x86_64; en-IE) Presto/2.9.172 Version/10.00,5411,A,8346,M,G,Y,FRAUD_GEN,1
8862760.78,2025-03-17T16:08:49.553219Z,107.225.137.175,Y,"Mozilla/5.0 (X11; Linux x86_64) AppleWebKit/531.2 (KHTML, like Gecko) Chrome/57.0.831.0 Safari/531.2",5411,A,9068,M,G,Y,FRAUD_GEN,1
7162009.84,2025-02-20T16:08:49.553683Z,110.74.172.95,Y,"Mozilla/5.0 (Linux; Android 3.2.5) AppleWebKit/533.1 (KHTML, like Gecko) Chrome/25.0.861.0 Safari/533.1",8398,A,6628,W,A,Y,FRAUD_GEN,1
4267997.88,2024-06-15T16:08:49.554046Z,39.129.154.97,M,Opera/9.59.(Windows NT 5.1; fil-PH) Presto/2.9.183 Version/10.00,8398,A,9776,M,G,Y,FRAUD_GEN,1
4564216.82,2024-12-15T16:08:49.554374Z,162.136.247.180,N,"Mozilla/5.0 (Windows; U; Windows NT 5.2) AppleWebKit/531.17.2 (KHTML, like Gecko) Version/4.0.3 Safari/531.17.2",6011,A,5100,M,G,Y,FRAUD_GEN,1
2681154.2,2025-01-17T16:08:49.554726Z,124.80.105.167,N,"Mozilla/5.0 (iPod; U; CPU iPhone OS 3_3 like Mac OS X; lg-UG) AppleWebKit/532.38.1 (KHTML, like Gecko) Version/4.0.5 Mobile/8B119 Safari/6532.38.1",8398,A,1977,M,G,Y,FRAUD_GEN,1
2506956.28,2025-02-22T16:08:49.555316Z,69.118.195.202,M,"Mozilla/5.0 (Windows NT 6.1) AppleWebKit/535.1 (KHTML, like Gecko) Chrome/50.0.895.0 Safari/535.1",5411,A,4390,W,A,Y,FRAUD_GEN,1
7186412.75,2025-04-22T16:08:49.555855Z,119.8.243.65,Y,"Mozilla/5.0 (iPad; CPU iPad OS 9_3_5 like Mac OS X) AppleWebKit/534.1 (KHTML, like Gecko) FxiOS/18.2f9051.0 Mobile/44V206 Safari/534.1",8398,A,1886,U,A,Y,FRAUD_GEN,1
7812521.04,2025-04-20T16:08:49.556405Z,132.202.35.240,N,Mozilla/5.0 (Android 11; Mobile; rv:19.0) Gecko/19.0 Firefox/19.0,6011,A,6399,U,A,Y,FRAUD_GEN,1
2615429.71,2024-08-21T16:08:49.556961Z,28.67.240.189,N,"Mozilla/5.0 (Macintosh; PPC Mac OS X 10_10_2 rv:2.0; kw-GB) AppleWebKit/533.6.7 (KHTML, like Gecko) Version/4.1 Safari/533.6.7",8398,A,2799,M,A,Y,FRAUD_GEN,1
3415794.5,2025-04-29T16:08:49.557357Z,135.19.80.127,Y,"Mozilla/5.0 (Windows; U; Windows 98; Win 9x 4.90) AppleWebKit/533.19.6 (KHTML, like Gecko) Version/5.0.5 Safari/533.19.6",6011,A,0365,W,A,Y,FRAUD_GEN,1
7631974.93,2024-07-06T16:08:49.557730Z,133.77.84.141,Y,Opera/8.24.(X11; Linux i686; sr-RS) Presto/2.9.164 Version/12.00,5411,A,2235,W,G,Y,FRAUD_GEN,1
9115603.2,2025-05-17T16:08:49.558104Z,198.139.134.13,Y,"Mozilla/5.0 (iPad; CPU iPad OS 7_1_2 like Mac OS X) AppleWebKit/532.1 (KHTML, like Gecko) CriOS/23.0.839.0 Mobile/50G383 Safari/532.1",8398,A,8843,M,G,Y,FRAUD_GEN,1
5688842.94,2024-11-19T16:08:49.558737Z,96.90.236.15,Y,"Mozilla/5.0 (X11; Linux i686) AppleWebKit/536.2 (KHTML, like Gecko) Chrome/29.0.869.0 Safari/536.2",5411,A,8439,U,G,Y,FRAUD_GEN,1
8533336.38,2025-02-13T16:08:49.559318Z,25.121.43.34,M,"Mozilla/5.0 (iPad; CPU iPad OS 3_1_3 like Mac OS X) AppleWebKit/533.1 (KHTML, like Gecko) CriOS/26.0.804.0 Mobile/79D194 Safari/533.1",5411,A,3529,U,A,Y,FRAUD_GEN,1
9958511.95,2025-03-29T16:08:49.559599Z,216.70.9.77,N,"Mozilla/5.0 (Linux; Android 4.0.4) AppleWebKit/536.2 (KHTML, like Gecko) Chrome/58.0.840.0 Safari/536.2",8398,A,4913,W,G,Y,FRAUD_GEN,1
3266728.43,2024-07-20T16:08:49.559939Z,10.251.6.22,M,"Mozilla/5.0 (Windows; U; Windows NT 6.0) AppleWebKit/533.9.5 (KHTML, like Gecko) Version/5.1 Safari/533.9.5",6011,A,7958,M,A,Y,FRAUD_GEN,1
2805165.4,2024-07-27T16:08:49.560281Z,184.219.249.51,N,"Mozilla/5.0 (iPod; U; CPU iPhone OS 4_1 like Mac OS X; nl-NL) AppleWebKit/535.17.5 (KHTML, like Gecko) Version/4.0.5 Mobile/8B119 Safari/6535.17.5",5411,A,5992,W,A,Y,FRAUD_GEN,1
4219966.58,2025-03-10T16:08:49.560556Z,218.238.186.148,M,"Mozilla/5.0 (Windows CE) AppleWebKit/534.2 (KHTML, like Gecko) Chrome/16.0.814.0 Safari/534.2",5411,A,3178,U,G,Y,FRAUD_GEN,1
7798535.13,2024-11-26T16:08:49.560980Z,61.108.57.172,N,Opera/8.84.(Windows 95; an-ES) Presto/2.9.181 Version/10.00,5411,A,2353,M,G,Y,FRAUD_GEN,1
5457045.0,2024-11-24T16:08:49.561329Z,98.34.52.168,Y,Mozilla/5.0 (compatible; MSIE 5.0; Windows NT 4.0; Trident/3.0),5411,A,8578,U,A,Y,FRAUD_GEN,1
227534.91,2024-12-09T16:08:49.561596Z,222.149.168.128,M,Mozilla/5.0 (compatible; MSIE 7.0; Windows NT 5.0; Trident/4.0),6011,A,5706,U,A,Y,FRAUD_GEN,1
6053229.48,2024-11-27T16:08:49.561826Z,134.236.179.121,Y,Mozilla/5.0 (compatible; MSIE 7.0; Windows NT 10.0; Trident/3.0),6011,A,1784,M,G,Y,FRAUD_GEN,1
750131.02,2025-02-03T16:08:49.562071Z,31.213.215.59,Y,"Mozilla/5.0 (iPad; CPU iPad OS 10_3_3 like Mac OS X) AppleWebKit/533.0 (KHTML, like Gecko) CriOS/24.0.879.0 Mobile/67A562 Safari/533.0",5411,A,6151,W,A,Y,FRAUD_GEN,1
6025168.5,2025-02-17T16:08:49.562404Z,50.127.179.16,M,Mozilla/5.0 (compatible; MSIE 8.0; Windows 95; Trident/5.1),5411,A,4338,U,A,Y,FRAUD_GEN,1
5528408.62,2024-11-02T16:08:49.562734Z,6.135.221.133,Y,"Mozilla/5.0 (Windows; U; Windows NT 4.0) AppleWebKit/534.21.1 (KHTML, like Gecko) Version/5.1 Safari/534.21.1",8398,A,6494,W,G,Y,FRAUD_GEN,1
9695631.57,2024-08-16T16:08:49.563147Z,142.57.18.24,M,Opera/9.29.(X11; Linux i686; sk-SK) Presto/2.9.182 Version/12.00,6011,A,0991,W,G,Y,FRAUD_GEN,1
2518231.03,2025-04-06T16:08:49.563510Z,6.152.93.229,M,Opera/8.37.(X11; Linux i686; wo-SN) Presto/2.9.163 Version/10.00,5411,A,1833,U,G,Y,FRAUD_GEN,1
4810102.93,2025-04-09T16:08:49.563903Z,126.21.41.25,Y,Mozilla/5.0 (Macintosh; U; Intel Mac OS X 10_8_8; rv:1.9.6.20) Gecko/2024-06-18 16:56:44 Firefox/3.6.18,8398,A,2198,M,A,Y,FRAUD_GEN,1
12.0,2023-11-13T14:57:56.611360Z,110.217.154.209,S,22234913555390371,0000,I,96619,G,A,N,NONE,0
12.0,2024-12-05T14:57:56.623105Z,102.63.5.218,S,681393546418735997,0000,I,62343,G,A,N,NONE,0
7.0,2024-02-07T14:57:56.624199Z,120.231.242.236,S,195600634378822249,0000,I,22943,H,A,N,NONE,0
65.0,2025-05-01T14:57:56.625224Z,81.67.222.51,S,528115848734585211,0000,I,78677,G,A,N,NONE,0
69.0,2025-01-09T14:57:56.626314Z,91.46.168.171,S,309245914698910206,0000,I,04484,H,A,N,NONE,0
81.0,2024-01-16T14:57:56.627570Z,183.175.74.39,S,651418357830081023,0000,I,26171,G,A,N,NONE,0
62.0,2025-02-14T14:57:56.628864Z,207.227.113.177,S,556695767148230646,0000,I,79996,H,A,N,NONE,0
20.0,2024-12-23T14:57:56.630078Z,187.169.240.81,K,779192571572943863,0000,I,13613,H,A,N,NONE,0
11.0,2024-01-12T14:57:56.631360Z,79.129.21.168,S,685021728170543139,0000,I,29141,G,A,N,NONE,0
6.0,2024-06-08T14:57:56.632448Z,63.44.3.206,S,118274242979394992,0000,I,10531,H,A,N,NONE,0
32.0,2024-10-16T14:57:56.633681Z,50.212.240.168,K,325619697921251336,0000,I,28270,H,A,N,NONE,0
38.0,2023-08-09T14:57:56.635061Z,186.29.82.210,S,40851171465822242,0000,I,39392,G,A,N,NONE,0
8.0,2023-12-11T14:57:56.636209Z,202.173.221.209,K,747111149235525891,0000,I,23080,H,A,N,NONE,0
89.0,2024-01-09T14:57:56.637352Z,187.89.68.41,K,627808741991465465,0000,I,33684,G,A,N,NONE,0
22.0,2025-01-18T14:57:56.638346Z,20.7.99.45,K,260824121499651251,0000,I,97339,G,A,N,NONE,0
70.0,2023-12-19T14:57:56.639657Z,190.167.1.186,S,586977831321853405,0000,I,47130,H,A,N,NONE,0
22.0,2024-06-09T14:57:56.640754Z,198.146.97.38,K,521216739919540512,0000,I,63309,G,A,N,NONE,0
53.0,2024-05-05T14:57:56.641657Z,205.239.197.233,S,210866992052013764,0000,I,94119,H,A,N,NONE,0
80.0,2024-10-06T14:57:56.642658Z,101.108.126.207,K,888101637272845890,0000,I,64142,G,A,N,NONE,0
71.0,2024-08-04T14:57:56.643763Z,87.55.187.3,K,849756556104144496,0000,I,14923,G,A,N,NONE,0
63.0,2023-11-17T14:57:56.644741Z,78.74.124.18,S,486433109476183679,0000,I,64754,H,A,N,NONE,0
92.0,2023-06-04T14:57:56.645828Z,201.95.212.202,S,546658830669077940,0000,I,55444,G,A,N,NONE,0
46.0,2024-07-16T14:57:56.647142Z,105.105.157.166,S,484832468520085916,0000,I,76877,H,A,N,NONE,0
93.0,2024-08-21T14:57:56.648146Z,187.135.162.5,S,186155954851486715,0000,I,10648,H,A,N,NONE,0
42.0,2024-12-23T14:57:56.649391Z,162.130.175.133,K,810296308625211555,0000,I,61602,G,A,N,NONE,0
10.0,2023-10-04T14:57:56.650334Z,19.166.245.255,K,881120249016703915,0000,I,75222,H,A,N,NONE,0
29.0,2024-05-12T14:57:56.651473Z,39.100.82.40,S,627775984001905344,0000,I,06415,H,A,N,NONE,0
13.0,2023-06-06T14:57:56.652674Z,142.148.21.59,K,103277859820128745,0000,I,22641,H,A,N,NONE,0
81.0,2025-03-12T14:57:56.654102Z,171.16.163.7,S,728014255658205380,0000,I,65296,G,A,N,NONE,0
82.0,2024-04-24T14:57:56.655346Z,85.2.156.38,K,679721270131670355,0000,I,65879,G,A,N,NONE,0
98.0,2024-05-12T14:57:56.656391Z,25.235.83.109,K,460432085327653959,0000,I,78093,H,A,N,NONE,0
93.0,2023-10-19T14:57:56.657600Z,40.92.162.166,S,506699892367909423,0000,I,92501,G,A,N,NONE,0
11.0,2024-05-13T14:57:56.659176Z,25.10.237.231,S,696605438746501150,0000,I,76077,H,A,N,NONE,0
18.0,2023-11-22T14:57:56.660552Z,18.16.54.226,K,601224075570360301,0000,I,76449,H,A,N,NONE,0
57.0,2024-05-29T14:57:56.661658Z,181.25.147.201,K,36715114360532524,0000,I,59313,H,A,N,NONE,0
24.0,2025-03-24T14:57:56.663185Z,81.193.111.198,K,399834407159710277,0000,I,53345,H,A,N,NONE,0
27.0,2025-03-10T14:57:56.664532Z,163.4.252.67,S,498101182916235382,0000,I,15418,H,A,N,NONE,0
59.0,2023-10-29T14:57:56.665824Z,98.188.248.4,S,793321093351754635,0000,I,82385,G,A,N,NONE,0
23.0,2024-07-20T14:57:56.667039Z,37.38.155.71,S,874536994914624766,0000,I,43359,G,A,N,NONE,0
81.0,2023-06-24T14:57:56.668091Z,133.181.143.227,K,50327604787642624,0000,I,89180,G,A,N,NONE,0
18.0,2024-11-30T14:57:56.669253Z,145.223.164.107,K,172500142427332537,0000,I,79745,H,A,N,NONE,0
47.0,2024-06-19T14:57:56.670319Z,216.35.239.60,S,522485210675502308,0000,I,52250,H,A,N,NONE,0
67.0,2023-12-08T14:57:56.671838Z,209.220.42.51,S,953525314633551795,0000,I,86443,G,A,N,NONE,0
21.0,2025-03-01T14:57:56.672846Z,157.156.244.57,S,455957719145237774,0000,I,08049,G,A,N,NONE,0
7.0,2023-11-07T14:57:56.673777Z,149.108.47.138,S,459832940080851517,0000,I,98228,H,A,N,NONE,0
54.0,2023-08-15T14:57:56.674929Z,185.114.118.175,K,188029691732591848,0000,I,09930,H,A,N,NONE,0
47.0,2024-04-20T14:57:56.676047Z,125.252.83.91,K,317899637900795588,0000,I,53226,G,A,N,NONE,0
13.0,2024-01-07T14:57:56.676968Z,55.146.67.73,K,840260723138880325,0000,I,18566,G,A,N,NONE,0
43.0,2024-07-22T14:57:56.677882Z,115.152.250.65,K,731372103314534606,0000,I,78387,H,A,N,NONE,0
4.0,2024-01-19T14:57:56.679007Z,20.252.58.42,K,739826488383250607,0000,I,05484,H,A,N,NONE,0
100.0,2024-06-20T14:57:56.680121Z,78.11.36.66,S,991916604112944678,0000,I,08125,G,A,N,NONE,0
59.0,2025-02-23T14:57:56.681125Z,107.2.111.18,S,543037546490040653,0000,I,86165,G,A,N,NONE,0
30.0,2025-04-19T14:57:56.682036Z,159.61.141.97,K,656565547712005005,0000,I,41222,G,A,N,NONE,0
82.0,2024-03-15T14:57:56.683100Z,158.155.64.223,S,508536040901416096,0000,I,68665,G,A,N,NONE,0
56.0,2023-08-20T14:57:56.684009Z,29.204.207.236,S,780792727418596274,0000,I,89002,H,A,N,NONE,0
8.0,2025-04-30T14:57:56.684915Z,61.193.243.163,K,151322195556373289,0000,I,80468,H,A,N,NONE,0
60.0,2023-11-24T14:57:56.686027Z,2.51.33.205,K,410219493491401077,0000,I,27360,G,A,N,NONE,0
74.0,2023-06-04T14:57:56.687108Z,214.12.237.216,S,360081818818282375,0000,I,80961,H,A,N,NONE,0
63.0,2024-01-09T14:57:56.687955Z,149.138.181.128,K,503995664874481274,0000,I,14153,G,A,N,NONE,0
2.0,2025-01-08T14:57:56.688916Z,51.182.241.24,S,39981602736699634,0000,I,56056,H,A,N,NONE,0
82.0,2024-02-04T14:57:56.689901Z,160.30.229.84,K,301709226428863733,0000,I,66526,H,A,N,NONE,0
100.0,2023-12-25T14:57:56.691090Z,47.143.151.16,K,995420947754704775,0000,I,28874,G,A,N,NONE,0
11.0,2023-10-16T14:57:56.691995Z,14.146.49.191,K,295462800637357155,0000,I,40451,H,A,N,NONE,0
9.0,2025-04-05T14:57:56.692995Z,183.243.102.42,K,999129184646217810,0000,I,78176,G,A,N,NONE,0
54.0,2023-09-14T14:57:56.693962Z,101.119.124.172,K,507110818963211061,0000,I,14575,H,A,N,NONE,0
83.0,2024-12-13T14:57:56.695108Z,178.199.101.227,K,612753209956588253,0000,I,93528,H,A,N,NONE,0
43.0,2024-04-29T14:57:56.696309Z,140.197.179.55,K,3964554812032077,0000,I,33249,G,A,N,NONE,0
83.0,2024-08-08T14:57:56.697428Z,160.125.142.33,K,493623020214775340,0000,I,67841,H,A,N,NONE,0
90.0,2025-03-05T14:57:56.698574Z,154.180.1.231,K,803640715788910462,0000,I,82198,G,A,N,NONE,0
58.0,2024-06-16T14:57:56.699572Z,121.75.241.77,S,326970855784530426,0000,I,76276,G,A,N,NONE,0
70.0,2023-06-09T14:57:56.700555Z,97.82.159.94,K,894681618710543734,0000,I,88795,H,A,N,NONE,0
80.0,2023-12-23T14:57:56.701457Z,131.77.47.200,K,417869514074856539,0000,I,72254,H,A,N,NONE,0
13.0,2025-03-22T14:57:56.702503Z,138.87.1.166,K,529827161258855334,0000,I,50211,G,A,N,NONE,0
73.0,2023-10-30T14:57:56.703445Z,76.102.101.95,K,980079302722207199,0000,I,72985,G,A,N,NONE,0
66.0,2025-01-23T14:57:56.704325Z,160.142.55.51,S,671498278954265422,0000,I,94132,G,A,N,NONE,0
54.0,2023-12-24T14:57:56.705501Z,119.78.104.135,S,905879930646366364,0000,I,76841,G,A,N,NONE,0
30.0,2023-12-25T14:57:56.706650Z,134.14.10.233,K,645612417101957969,0000,I,67617,G,A,N,NONE,0
28.0,2025-02-10T14:57:56.707979Z,103.238.191.206,S,648023450248652016,0000,I,22604,G,A,N,NONE,0
60.0,2024-01-24T14:57:56.709166Z,71.60.131.166,K,904142881711688819,0000,I,37596,G,A,N,NONE,0
56.0,2024-12-08T14:57:56.710230Z,161.51.73.68,K,348193572175843268,0000,I,43908,H,A,N,NONE,0
35.0,2024-01-13T14:57:56.711419Z,79.98.100.127,K,580903429437936019,0000,I,89214,H,A,N,NONE,0
48.0,2024-11-08T14:57:56.712463Z,46.237.40.176,S,460405668119875152,0000,I,10136,H,A,N,NONE,0
89.0,2024-11-09T14:57:56.713399Z,18.150.193.60,K,728383419738327162,0000,I,40127,H,A,N,NONE,0
44.0,2024-03-14T14:57:56.714517Z,17.122.36.249,K,252453423412572085,0000,I,61932,G,A,N,NONE,0
92.0,2024-10-07T14:57:56.715840Z,144.115.40.31,S,272478696109589110,0000,I,12610,G,A,N,NONE,0
7.0,2023-12-17T14:57:56.717236Z,123.241.203.222,K,253235026736887310,0000,I,57720,G,A,N,NONE,0
45.0,2023-08-06T14:57:56.718542Z,114.24.6.52,S,715987698785042558,0000,I,68072,G,A,N,NONE,0
35.0,2025-01-12T14:57:56.719503Z,56.155.19.198,K,463698353344919778,0000,I,95250,H,A,N,NONE,0
71.0,2024-07-20T14:57:56.720444Z,124.231.42.75,S,809154246961081303,0000,I,67493,H,A,N,NONE,0
87.0,2024-08-17T14:57:56.721581Z,117.62.195.144,S,325301771155578846,0000,I,94916,H,A,N,NONE,0
33.0,2024-10-26T14:57:56.722937Z,204.46.38.1,S,414642438013780287,0000,I,19614,G,A,N,NONE,0
44.0,2023-12-08T14:57:56.724630Z,188.156.58.22,S,908906081541022912,0000,I,09203,G,A,N,NONE,0
7.0,2023-07-06T14:57:56.725695Z,201.216.86.61,S,818933235822422713,0000,I,82299,H,A,N,NONE,0
88.0,2023-09-19T14:57:56.726887Z,181.224.217.70,S,754859316952766772,0000,I,16681,G,A,N,NONE,0
25.0,2024-07-27T14:57:56.727896Z,65.143.189.148,S,188577594526701195,0000,I,64230,H,A,N,NONE,0
46.0,2025-03-21T14:57:56.728839Z,84.38.105.3,K,862822198187936443,0000,I,35941,H,A,N,NONE,0
58.0,2024-03-14T14:57:56.729719Z,102.184.71.1,K,964720067550645232,0000,I,31588,G,A,N,NONE,0
7.0,2024-01-08T14:57:56.731888Z,109.143.32.181,S,718816274509531402,0000,I,95670,G,A,N,NONE,0
15.0,2025-04-27T14:57:56.732831Z,140.183.165.173,K,87350974178800030,0000,I,22413,H,A,N,NONE,0
28.0,2024-11-22T14:57:56.733754Z,222.248.66.183,S,920186816208295615,0000,I,35276,G,A,N,NONE,0
